Name,GT,DC,QM
Công Ty TNHH Công Nghiệp Kingtec Việt Nam,"Cty TNHH Công Nghiệp Kingtec VN (100% vốn Đài Loan) chuyên sản xuất các mặt hàng đèn, nguồn sáng, gia dụng ngũ kim, sản phẩm ngủ kim, dụng cụ y tế ….Do nhu cầu mở rộng thị trường tiêu thụ và tình hình sản xuất không ngừng phát triển, năm 2015 Công ty tiến hành đầu tư thêm một nhà máy sản xuất tại Khu Công nghiệp Mỹ phước 3, Tỉnh Bình Dương.","ĐƯỜNG NE2, KCN MỸ PHƯỚC 3, BẾN CÁT, BÌNH DƯƠNG",Trên 300 người
Công Ty Cổ Phần Vinhomes,"Address: Tòa nhà văn phòng Symphony, Đường Chu Huy Mân, Vinhomes Riverside, P. Phúc Lợi, Q. Long Biên, Hà Nội VP HCM: Lầu 4 - Vincom MegaMall Thảo Điền, 161 Võ Nguyên Giáp, P. Thảo Điền, Tp. Thủ Đức, Hồ Chí Minh Size nhân sự: > 12.000 Vinhomes - Hệ thống căn hộ và biệt thự với dịch vụ đẳng cấp của Tập đoàn Vingroup Vinhomes cung cấp đến khách hàng một tiêu chuẩn sống đẳng cấp vượt trội mới, đây là sự kết hợp hoàn chỉnh giữa bất động sản nhà ở và hệ thống dịch vụ tiêu chuẩn cao tại những khu đô thị quy mô hàng đầu Việt Nam mang đẳng cấp quốc tế do Vingroup đầu tư. Với tầm nhìn chiến lược và phát triển bền vững, mỗi khu đô thị trong hệ thống Vinhomes đều tọa lạc tại các vị trí trung tâm Hà Nội và thành phố Hồ Chí Minh, hội tụ những giá trị vượt trội: Sản phẩm nhà ở chất lượng cao; Dịch vụ tại gia chuyên nghiệp; Môi trường sống xanh, sạch; Văn hóa cộng đồng nhân văn; An ninh – An toàn được đảm bảo; và Tiện ích đồng bộ, đầy đủ. Với Vinhomes, lần đầu tiên, cư dân đã và đang được trải nghiệm một môi trường sống lý tưởng, hoàn toàn mới – nơi hạnh phúc đến từ sự kết hợp hoàn chỉnh giữa tiện nghi sang trọng và hệ thống dịch vụ tiêu chuẩn 5*, tạo dựng một cuộc sống hạnh phúc ngập tràn. Các khu đô thị mang thương hiệu Vinhomes sẽ luôn là sự lựa chọn hoàn hảo cho quý vị.","Số 458 phố Minh Khai, phường Vĩnh Tuy, Quận Hai Bà Trưng, Thành Phố Hà Nội",Trên 300 người
"Công Ty CP Tb Nha Khoa Thông Minh Việt Nam - Smartdental,. Jsc","Công ty Cổ phần thiết bị nha khoa thông minh Smartdental Việt Nam được thành lập với hoạt động chuyên nhập khẩu, phân phối, bảo hành và sửa chữa các thiết bị trong nha khoa. Công ty Smartdental đã cung cấp, lắp đặt hàng ngàn hệ thống máy móc nha khoa chuyên dùng hiện đại được nhập khẩu trực tiếp từ Hàn Quốc, Israel, ……, đặc biệt là các hệ thống ghế răng, máy nén khí, máy đo chiều dài ống tủy,… Công ty cũng cung cấp những dịch vụ kỹ thuật tốt nhất nhằm đảm bảo cho các hệ thống trên luôn hoạt động ổn định, hỗ trợ cho các bệnh viện, trung tâm y tế, phòng khám có thể cung cấp dịch vụ khám chữa răng miệng tiên tiến và ưu việt nhất cho bệnh nhân của mình. Chính vì vậy, công ty Smartdental nhận được sự tin cậy và ủng hộ của khách hàng là các bệnh viện, trung tâm y tế, phòng khám trên toàn quốc. Hiện nay, công ty Smartdental đã phát triển được một mạng lưới khách hàng rộng khắp, cung cấp sản phẩm và dịch vụ tới hầu hết các tỉnh thành trong cả nước. Với mong muốn mang những sản phẩm, công nghệ tiên tiến, hiện đại nhất trên thế giới về phục vụ cho nền y tế nước nhà, trong quá trình hoạt động, công ty đã nghiên cứu, liên hệ với các nhà sản xuất trang thiết bị, vật tư y tế hàng đầu trên thế giới để cung cấp về Việt Nam các sản phẩm của các nhà sản xuất thiết bị nha khoa hàng đầu thế giới. Công ty chúng tôi có một đội ngũ cán bộ, kỹ sư, nhân viên được đào tạo chính thức về thiết bị y tế và trải qua nhiều năm kinh nghiệm làm việc thực tế, có thể đáp ứng được những yêu cầu khắt khe nhất về chất lượng, thời gian cũng như hiệu quả công việc mà khách hàng đặt ra.","Văn phòng miền bắc : Tầng 1,Lô Sh04, sảnh B Toà nhà AZ Sky khu đô thị định công, Hoàng Mai, Hà Nội.",150 - 300 người
Công Ty TNHH Đầu Tư Và Thương Mại In Việt Tiến,CÔNG TY TNHH ĐẦU TƯ VÀ THƯƠNG MẠI IN VIỆT TIẾN Tên giao dịch: VIET TIEN PRINTING TRADING AND INVESTMENT COMPANY LIMITED Công ty chuyên sản xuất khăn ướt Cao Cấp,"Thôn Viên Nội, Xã Vân Nội, Huyện Đông Anh, Thành phố Hà Nội, Việt Nam",10 - 150 người
Công Ty TNHH Akati Wood (Việt Nam),"CÔNG TY TNHH AKATI WOOD ( VIỆT NAM) ﻿ Công Ty TNHH Akati Wood (Việt Nam) là một công ty con của tập đoàn Dominant đến từ Singapore sản xuất và cung cấp Gỗ MDF, Ván gỗ MDF được thiết kế thân thiện với môi trường. Sản phẩm chính: + Gỗ công nghiệp, ván MDF : gỗ MDF, ván MDF, ván MDF phủ Melamine,.. + Ván ép : ván dăm, ván dán Plywood, ván MFC,.. Nhà máy có diện tích 13.500 m2 đồng thời sở hữu đội ngũ nhân viên chuyên nghiệp, kinh nghiệm, Công ty chúng tôi có đầy đủ tiềm lực để đưa đến Quý khách hàng những sản phẩm chất lượng cao nhất.","3 Đường số 6 Vsip II, Hòa Phú, Thủ Dầu Một, Bình Dương",10 - 150 người
Công Ty TNHH Ntpm Việt Nam,"NTPM tên đầy đủ là NiBong Tebal Paper Mill , là tập đoàn sản xuất giấy và các sản phẩm từ giấy của Malaysia , tập đoàn đang sở hữu 6 nhà máy tại Malaysia với tổng công suất 220 tấn giấy thành phẩm mỗi ngày, trong đó có 30% là dành cho xuất khẩu. Công ty TNHH NTPM (Việt Nam) là công ty 100% vốn đầu tư nước ngoài có xuất xứ từ Malaysia. NTPM là nhà sản xuất lớn nhất và cũng là công ty dẫn đầu thị trường khăn giấy tại Malaysia. NTPM không chỉ sản xuất và bán các sản phẩm khăn giấy mà còn chuyên sản xuất và bán các sản phẩm chăm sóc cá nhân như tã giấy, khăn ướt, băng vệ sinh và các sản phẩm từ cotton nữa. Năm 2013, NTPM đã xây dựng nhà máy sản xuất tại Bình Dương và đến năm 2014, công ty bắt đầu bán các sản phẩm khăn giấy bán thành phẩm như khăn giấy cuộn jumbo và khăn giấy cuộn lớn. Trong năm 2016 và đến nay, tất cả các loại khăn giấy và các sản phẩm liên quan đến khăn giấy như giấy vệ sinh cuộn, khăn bếp, khăn lau tay, khăn giấy gói, khăn bỏ túi, khăn giấy rút, … đã được sản xuất và phân phối trên khắp Việt Nam và cho thị trường quốc nội Bước sang năm 2021, Công ty TNHH NTPM (Việt Nam) cũng đã bắt đầu kinh doanh các sản phẩm chăm sóc cá nhân như tã giấy và khăn lau dành cho trẻ em.","Số 22 Vsip II-A, Đường số 23, Khu công nghiệp Việt Nam-Singapore II-A, phường Vĩnh Tân, thị xã Tân Uyên, tỉnh Bình Dương, Việt Nam",Trên 300 người
Công Ty TNHH BPO Niềm Tin Việt,"• Công ty TNHH Viễn thông Niềm Tin Việt (NTV Telecom) là nhà cung cấp dịch vụ và giải pháp dịch vụ chăm sóc khách hàng uy tín hàng đầu tại thị trường Việt Nam. Được thành lập từ năm 2007 với mục tiêu nâng cao chất lượng và hiệu quả của dịch vụ cũng như đáp ứng nhu cầu ngày càng cao của doanh nghiệp. Đến nay, dựa trên nền tảng nhiều năm kinh nghiệm, cũng như sự phát triển và làm việc độc lập, Niềm Tin Việt Telecom cung cấp cho doanh nghiệp dịch vụ như giao tiếp, xây dựng và phát triển mối quan hệ với khách hàng, chăm sóc khách hàng, bán hàng và dịch vụ khảo sát qua điện thoại. Với đội ngũ nhân viên được đào tạo chuyên nghiệp sáng tạo và tận tâm, Niềm Tin Việt cam kết cung cấp cho khách hàng những dịch vụ có giá trị và lợi thế cạnh tranh cao. Bạn có muốn gia nhập đội ngũ Call Center của Niềm Tin Việt ? • Vì sao chọn Niềm Tin Việt ? - Chúng tôi luôn hiểu và tin rằng con người là tài sản lớn nhất của Niềm Tin Việt. Tại Niềm Tin Việt, sự nghiệp của các bạn sẽ được phát triển cùng với sự lớn mạnh không ngừng của chúng tôi. Với chúng tôi, bạn là đồng nghiệp, là nguồn sống, là động lực để chúng tôi đầu tư hết mình. • Chính sách lương thưởng ? - Làm việc tại Niềm Tin Việt, bạn sẽ nhận được mức thu nhập tương xứng với năng lực và cạnh tranh so với thị trường. Ngoài ra, với đội ngũ nhân viên tận tâm, hết lòng vì công ty, chúng tôi luôn dành tặng mức thưởng tương xứng, như thể hiện sự trân trọng của chúng tôi đối với những đóng góp của các bạn. • Chúng tôi sẽ giúp bạn thành công thế nào trong tương lai ? - Với đội ngũ Back Office hỗ trợ chuyên nghiệp về NGHIỆP VỤ - KỸ NĂNG – GIAO TIẾP, chúng tôi tự tin rằng bạn sẽ không bao giờ thấy mình đơn độc trong môi trường chuyên nghiệp của công ty.","Block C, lầu 2 tòa nhà Vạn Đô, 348 Bến Vân Đồn, phường 1, quận 4, tp HỒ Chí Minh",150 - 300 người
Nguồn Hàng Quảng Châu - Trung Quốc,"Ordertietkiem là đơn vị cung cấp dịch vụ trung gian nhập hàng từ các website thương mại điện tử hàng đầu Trung Quốc. Dịch vụ của chúng tôi bao gồm: - Tư vấn tìm kiếm nguồn hàng trên các website bán buôn, bán lẻ hàng đầu Trung Quốc như alibaba.com, 1688.com, taobao.com, tmall.com... - Mua hàng và kiểm tra hàng hóa - Đóng gói và làm việc với các đơn vị vận chuyển hàng hóa về Việt Nam - Khiếu nại nhà cung cấp, hỗ trợ đổi trả hàng hóa Mục tiêu của Ordertietkiem là luôn dẫn đầu trong việc xây dựng tiêu chuẩn dịch vụ để phục vụ khách hàng ngày một tốt hơn. Trong suốt thời gian phát triển, đội ngũ Ordertietkiem luôn tự hào là đơn vị tiên phong thực hiện những cam kết mang tính thay đổi, dẫn dắt và đòi hỏi cao đối với thị trường: 1. chúng tôi thực hiện việc đặt hàng bằng công cụ và quản lý đơn hàng hoàn toàn trực tuyến, không thông qua file excel. Việc mua hàng thực hiện hàng ngày, không chờ thời gian chốt đơn. 2. chúng tôi đào tạo nhân lực kiểm hàng ngay tại Trung Quốc để giảm thiểu rủi ro và chi phí tài chính cho khách hàng nhập hàng. 3. chúng tôi thực hiện hệ thống kiểm soát mọi trạng thái đơn hàng và giao tiếp trực tuyến. Tới thời điểm này rất nhiều dịch vụ nhập hàng chưa thể đáp ứng được. 4. chúng tôi nâng cao tiêu chuẩn hỗ trợ khách hàng 24 / 7. 5. chúng tôi triển khai dịch vụ Chuyển phát nhanh với những cam kết nghiêm ngặt về thời gian vận chuyển. 6. chúng tôi cam kết không thu phí mua hàng nếu không thực hiện mua hàng trong vòng 24h. 7. Và còn rất nhiều những tiêu chuẩn dịch vụ mà Bạn chỉ cảm nhận được khi sử dụng dịch vụ của chúng tôi Chúng tôi hiểu rằng, để tiếp tục tồn tại trên thị trường, Ordertietkiem cần liên tục nâng cao chất lượng dịch vụ. Vì vậy, chúng tôi luôn kỳ vọng được hợp tác với những Khách hàng có những yêu cầu khắt khe nhất. Đó là tôn chỉ trong mọi hành động của Ordertietkiem trong suốt thời gian qua.","Số 37, ngõ 45, Trần Thái Tông, Cầu Giấy, Hà Nội",150 - 300 người
Công Ty TNHH CGT Media Group,Phần Mềm CNTT/Dịch vụ Phần mềm,"Lô 6 - DV 8, KĐT Tây Nam Linh Đàm, Phường Hoàng Liệt, Quận Hoàng Mai, Hà Nội",10 - 150 người
Công Ty Cổ Phần Sản Xuất & Kinh Doanh Vinfast,"VinFast là công ty thành viên thuộc tập đoàn Vingroup. VINFAST được kết nối từ chuỗi viết tắt của các từ: Việt Nam - Phong cách - An toàn - Sáng tạo - Tiên phong với ý nghĩa tôn vinh xe thương hiệu Việt. Sự ra đời của VinFast thể hiện khát vọng xây dựng một thương hiệu Việt Nam có tầm thế giới, khẳng định khả năng làm chủ các công nghệ hiện đại của người Việt. Thông qua lĩnh vực sản xuất ô tô, xe máy- một trong những ngành công nghiệp mang tính dẫn dắt, có tác động tới nhiều ngành nghề khác - Vingroup mong muốn tham gia góp phần thúc đẩy sự phát triển của ngành công nghiệp nặng và chế tạo tại Việt Nam, góp phần thực hiện công nghiệp hóa, hiện đại hóa đất nước. Thương hiệu VinFast thể hiện Phong cách – An toàn – Sáng tạo – Tiên phong – Tự hào – Toàn cầu. Sứ mệnh: Ghi dấu bản sắc Việt trên bản đồ ngành công nghiệp sản xuất xe toàn cầu Tầm nhìn: trở thành nhà sản xuất xe hàng đầu Đông Nam Á","KĐT Times City, 458 Minh Khai, quận Hai Bà Trưng, Hà Nội",Trên 300 người
Công Ty TNHH Thương Mại Xuất Nhập Khẩu Good Harvest,"Công Ty TNHH Thương Mại Xuất Nhập Khẩu Good Harvest Công ty chúng tôi là một phần của Tập đoàn Unibear - một trong những nhà sản xuất xích truyền động, bánh xích và linh kiện xe máy hàng đầu thế giới. Hiện tại chúng tôi đã có mặt tại Việt Nam và đang tìm kiếm những nhân tài trong lĩnh vực nghiên cứu và xúc tiến thị trường. Nếu bạn thông thạo đường phố Thành phố Hồ Chí Minh và các thị trường phụ tùng xe máy, giỏi giao tiếp với mọi người hoặc có kinh nghiệm phân tích thị trường và phân tích dữ liệu, đồng thời có hiểu biết sâu sắc về thị trường và khả năng đưa ra các đề xuất tiếp thị quảng cáo, chúng tôi mời bạn đăng ký! 129 Đường số 23 - P11 - Quận 6 - TP Hồ Chí Minh.",129 Đường số 23 - Phường 11 - Quận 6 - TP Hồ Chí Minh.,10 - 150 người
Công Ty Cổ Phần Dịch Vụ Bảo Vệ Sao Vàng,"CÔNG TY CỔ PHẦN DỊCH VỤ BẢO VỆ SAO VÀNG (SAO VANG SECURITY SERVICE., JSC) Là một trong những doanh nghiệp hàng đầu về cung cấp dịch vụ bảo vệ chuyên nghiệp cho các tòa nhà, nhà máy, ngân hàng, siêu thị, công trường và các sự kiện kinh tế, văn hóa lớn,… Với đội ngũ lãnh đạo và chỉ huy có bề dày kinh nghiệm trong lĩnh vực bảo vệ chuyên nghiệp, đội ngũ nhân viên trẻ đầy năng lực, nhiệt tình, chúng tôi luôn tự tin đáp ứng kịp thời các yêu cầu của khách hàng.","135/1/33 Nguyễn Hữu Cảnh, Phường 22, Bình Thạnh, Tp.HCM",Trên 300 người
Công Ty TNHH Cch Top (Vn),"Công Ty TNHH CCH TOP (VN) thành lập từ năm 2002 tại Đường Tân Thuận, KCX Tân Thuận, Phường Tân Thuận Đông, Quận 7, TPHCM. Là Công Ty 100% vốn nước ngoài chuyên sản xuất nón vải các loại. Hiện có khoảng 1.900 công nhân.","Đường Tân Thuận, KCX Tân Thuận Q7 TPHCM",Trên 300 người
Công Ty TNHH Kobelco Compressors Việt Nam,"CÔNG TY TNHH KOBELCO COMPRESSORS VIỆT NAM Chi nhánh HCM: Số 37 Nguyễn Cơ Thạch, Phường An Lợi Đông, Thành phố Thủ Đức, Thành phố Hồ Chí Minh, Việt Nam. Trụ sở: 45 Lâm Hạ, Phường Bồ Đề, Quận Long Biên, Thành phố Hà Nội, Việt Nam. Nhằm đáp ứng mong muốn sử dụng máy nén khí Kobelco và cung cấp dịch vụ bảo dưỡng sửa chữa tốt hơn nữa cho khách hàng tại thị trường Việt Nam, tháng 12 năm 2010 Kobelco Machinery Asia Pte Ltd đã chính thức thành lập Công ty TNHH Kobelco Compressors Việt Nam. Kobelco trở thành hãng máy nén khí đầu tiên có trụ sở kinh doanh chính hãng tại Việt Nam. Máy nén khí Kobelco đã có mặt trong hầu hết Khu Công Nghiệp lớn của miền Bắc như Thăng Long I. Thăng Long II, Nomura Hải Phòng, VSIP, Phúc Điền, Tiên Sơn, Quế Võ… Cùng với đội ngũ nhân viên kỹ thuật được trang bị kiến thức đầy đủ, dày dạn kinh nghiệm thực tế, dịch vụ bảo dưỡng của Kobelco đã và đang chiếm được lòng tin của khách hàng sử dung máy nén Kobelco. Hơn 100% sự cố máy móc được giải quyết nhanh chóng hạn chế tối đa ảnh hưởng sản xuất của khách hàng.","Chi nhánh HCM: Số 37 Nguyễn Cơ Thạch, Phường An Lợi Đông, Thành phố Thủ Đức, Thành phố Hồ Chí Minh.
Trụ sở HN: Lô 30-31, Khu đấu giá X3, tổ 23, Phường Bồ Đề, Quận Long Biên, Thành phố Hà Nội.",10 - 150 người
Công Ty Cổ Phần Di Chuyển Xanh Và Thông Minh Gsm,"Ngày 6 tháng 3 năm 2023, Chủ tịch Tập đoàn Vingroup Phạm Nhật Vượng đã công bố thành lập Công ty Cổ phần Di chuyển Xanh và Thông minh (Green and Smart Mobility – GSM), là đơn vị cho thuê phương tiện giao thông xanh và đặt xe điện đa nền tảng đầu tiên trên thế giới. GSM hoạt động chủ yếu trên 2 lĩnh vực: dịch vụ đặt xe điện và cho thuê ô tô – xe máy điện với quy mô đầu tư 10.000 ô tô và 100.000 xe máy. Cụ thể, GSM cung cấp dịch vụ di chuyển bằng ô tô điện và xe máy điện. Đồng thời, GSM cũng cho các hãng vận tải thuê ô tô – xe máy điện để đáp ứng nhu cầu di chuyển bằng phương tiện giao thông xanh của hành khách. GSM đặt mục tiêu phổ cập thói quen sử dụng xe điện tới từng người dân, qua đó nâng cao nhận thức cộng đồng về sự thuận tiện, thông minh và bền vững của các dòng xe xanh. Thông qua các hình thức đa dạng, GSM sẽ góp phần đưa xe điện VinFast tiếp cận sâu rộng và linh hoạt nhất tới mọi tầng lớp khách hàng, từng bước kiến tạo thói quen sử dụng phương tiện xanh, thông minh và thân thiện với môi trường trong đời sống hàng ngày.","Tòa Văn phòng Symphony, đường Chu Huy Mân, khu đô thị Vinhomes Riverside, Phường Phúc Lợi, Quận Long Biên, Thành phố Hà Nội, Việt Nam",Trên 300 người
Công Ty Cổ Phần Đầu Tư Asa Group Quốc Tế - Sơn Viva,"Công ty cổ phần đầu tư ASA Group Quốc tế là đơn vị kinh doanh đa ngành nghề trong đó có kinh nghiệm hơn 10 năm trong lĩnh vực sản xuất sơn nước, bột bả và chất chống thấm thương hiệu Viva Paint là một trong những lĩnh vực trọng tâm, được chú trọng đầu tư và phát triển. Với hệ thống nhà máy trải phủ khắp 2 miền Bắc - Nam có tổng cán bộ công nhân viên 200 người. Tầm nhìn: Khao khát được khẳng định chất lượng sản phẩm và vị thế thương hiệu trong lòng người tiêu dùng, đồng thời đóng góp tích cực cho sự phát triển của ngành sơn Việt Nam nói riêng, của kinh tế Việt Nam nói chung, Sơn VIVA hướng tới chiến lược đầu tư- phát triển bền vững, mạnh mẽ đương đầu với thách thức và dũng cảm nhận lấy những cơ hội của thị trường. Sứ mệnh: Đối với cổ đông: Tôn trọng tinh thần hợp tác, giúp đỡ nhau cùng phát triển. Gia tăng các giá trị đầu tư bền vững, sinh lợi, có hiệu quả. Đối với nhân viên: Xây dựng nên một môi trường làm việc hiện đại, chuyên nghiệp, khuyến khích sự năng động, sáng tạo của nhân viên, đồng thời đảm bảo nguồn thu nhập cũng như cơ hổi phát triển, thăng tiến rộng mở, công bằng cho tất cả mọi người. Đối với xã hội: Bảo vệ môi trường và chia sẻ lợi ích với xã hội, tích cực đóng góp cho các hoạt động vì cộng đồng, cùng hướng tới một tương lai tốt đẹp, một đất nước phát triển phồn vinh. Giá trị cốt lõi của thương hiệu VIVA paint: Công ty cổ phần đầu tư ASA Group Quốc tế dù còn non trẻ, nhưng đã đặt ra những giá trị và nguyên tắc cốt lõi để luôn hướng tới, phấn đấu đạt được, thể hiện toàn diện và sâu sắc trong mọi hoạt động của công ty, đó là: Coi con người chính là tài sản quý giá nhất của công ty, là nguồn sức mạnh tiềm tàng giúp công ty bứt phá trong mọi hoạt động kinh doanh và văn hóa. Sức mạnh đó đến từ sự đoàn kết và cống hiến hết mình của mỗi nhân viên. Lợi nhuận trước mắt, ngắn hạn, ích kỷ Không bao giờ là mục tiêu mà công ty theo đuổi. Lợi ích lâu dài cho cả Công ty- Khách hàng- Xã hội mới là đích đến cuối cùng của Sơn VIVA. Xây dựng mối quan hệ tôn trọng và cùng phát triển với doanh nghiệp bạn, cùng giúp nhau đưa ngành sản xuất và kinh doanh sản phẩm sơn nói riêng, ngành vật liệu xây dựng trong nước nói chung cùng phát triển. Công bằng-rõ ràng-có văn hóa là yếu tố then chốt, định hướng sự phát triển lâu dài","Cụm Công nghiệp Thanh Oai, Xã Bích Hòa, Huyện Thanh Oai, Thành phố Hà Nội, Việt Nam",150 - 300 người
Công Ty TNHH Việt Nam Paiho,"VN Paiho là công ty 100% vốn đầu từ nước ngoài, trực thuộc tập đoàn Paiho của Đài Loan được thành lập từ năm 1999. Chuyên sản xuất các sản phẩm: băng dán dính, dây giày, dây đai, dây thun, sản phẩm phản quang từ các loại sợi nhân tạo, sản xuất các sản phẩm thêu bằng máy vi tính; dệt vải và may các sản phẩm từ sợi than tre; In lụa trên dây đai và các sản phẩm phụ liệu may mặc khác..... Là 1 trong những công ty đạt được những chứng nhận quốc tế của Bureau Veritas - Pháp (đơn vị dẫn đầu toàn cầu trong lĩnh vực thử nghiệm, đánh giá và chứng nhận) về: - ISO 9001:2015 (tiêu chuẩn về Hệ thống Quản lý Chất Lượng) - ISO 14001:2015 (tiêu chuẩn về Hệ thống Quản lý Môi Trường) - ISO 45001:2007 (tiêu chuẩn về Hệ thống Quản lý An toàn sức khỏe nghề nghiệp) - SA8000 (tiêu chuẩn về vấn đề Trách Nhiệm Xã Hội) - ISO 50001:2015 (tiêu chuẩn về sử dụng năng lượng)","Lô 30-32-34 Đường Số 3, KCN Tân Tạo, P.Tân Tạo A, Q Bình Tân, TP.HCM",Trên 300 người
Công Ty Cổ Phần Viễn Thông Fpt,Công Ty cổ phần viễn thông FPT,"Tầng 2, tòa nhà FPT Cầu Giấy, số 17 phố Duy Tân, Phường Dịch Vọng Hậu, Quận Cầu Giấy, Hà Nội",Trên 300 người
Công Ty CP Nhân Lực Quốc Tế Hoàng Minh,"Tiền thân là đơn vị du học các nước Âu – Á trên 13 năm với nhiều chi nhánh hoạt động trải dài khắp thế giới: Nhật Bản, Đài Loan, Hàn Quốc, Đức, Úc… và các tỉnh thành trong nước Việt Nam, HM Manpower được thành lập với sứ mệnh nâng cao chất lượng nguồn nhân lực Việt Nam, mong mỏi đưa nhiều lao động Việt vươn tầm thế giới, tiếp thu những tinh hoa quốc tế và nâng tầm vị thế Việt. Với nhiều năm kinh nghiệm và hợp tác lâu dài với nhiều trường học, doanh nghiệp nước ngoài cùng đội ngũ cán bộ chuyên nghiệp, HM Manpower chính là đơn vị uy tín trong lĩnh vực đào tạo du học sinh, thực tập sinh, người lao động trở thành những nhân tố có ích, mang lại những giá trị tốt đẹp cho Việt Nam nói riêng và thế giới nói chung. SỨ MỆNH: Nâng tầm chất lượng nguồn nhân lực Việt Nam Giáo dục để thành người Đào tạo để thành tài Lao động để thành đạt Cộng lực để thành công LIÊN HỆ: Website: https://nhanluchm.vn/vi Fanpage: https://www.facebook.com/xkldhoangminh","55/6A đường số 35, khu phố 7 - Phường Hiệp Bình Chánh - Thành phố Thủ Đức - TP Hồ Chí Minh.",150 - 300 người
Công Ty TNHH Việt Nam Paiho,"VN Paiho là công ty 100% vốn đầu từ nước ngoài, trực thuộc tập đoàn Paiho của Đài Loan được thành lập từ năm 1999. Chuyên sản xuất các sản phẩm: băng dán dính, dây giày, dây đai, dây thun, sản phẩm phản quang từ các loại sợi nhân tạo, sản xuất các sản phẩm thêu bằng máy vi tính; dệt vải và may các sản phẩm từ sợi than tre; In lụa trên dây đai và các sản phẩm phụ liệu may mặc khác..... Là 1 trong những công ty đạt được những chứng nhận quốc tế của Bureau Veritas - Pháp (đơn vị dẫn đầu toàn cầu trong lĩnh vực thử nghiệm, đánh giá và chứng nhận) về: - ISO 9001:2015 (tiêu chuẩn về Hệ thống Quản lý Chất Lượng) - ISO 14001:2015 (tiêu chuẩn về Hệ thống Quản lý Môi Trường) - ISO 45001:2007 (tiêu chuẩn về Hệ thống Quản lý An toàn sức khỏe nghề nghiệp) - SA8000 (tiêu chuẩn về vấn đề Trách Nhiệm Xã Hội) - ISO 50001:2015 (tiêu chuẩn về sử dụng năng lượng)","Lô 30-32-34 Đường Số 3, KCN Tân Tạo, P.Tân Tạo A, Q Bình Tân, TP.HCM",Trên 300 người
Trường Mẫu Giáo - Th - Thcs - Thpt Văn Lang (Công Ty TNHH Giáo Dục Duy Thịnh),"TRƯỜNG MẪU GIÁO - TIỂU HỌC - THCS - THPT VĂN LANG thuộc quản lý của CÔNG TY TNHH GIÁO DỤC DUY THỊNH Trường Văn Lang được thành lập năm 1978, là tiền thân của trường MG - TiH - THCS - THPT Văn Lang hiện nay. Trường gồm 2 cơ sở, đặt tại số 84 Tân Hưng, và số 2 Tân Thành P.12 Quận 5, thành phố Hồ Chí Minh. Đối tượng học sinh chủ yếu ở đây là con em người Hoa đang sinh sống tại Tp.HCM. Với mô hình trường học song ngữ, học sinh được học song song hai chương trình ngôn ngữ: Tiếng Việt buổi sáng và Tiếng Hoa buổi chiều. Suốt chặng đường hơn 40 năm, nhà trường luôn đặt mục tiêu giáo dục nhân cách đạo đức của học sinh là ưu tiên hàng đầu. Bài học vỡ lòng của học sinh Văn Lang là bài học trung thực và yêu thương. Thầy cô luôn kỳ vọng mỗi học sinh bước ra từ trường Văn Lang sẽ là một người tử tế, sống chan hòa, biết yêu thương mọi người, biết tôn trọng sự khác biệt, sẵn sàng lên tiếng trước những điều tiêu cực,… Ở Văn Lang, học sinh là trung tâm của công tác giáo dục và giảng dạy. Mỗi học sinh được tạo điều kiện tốt nhất để nuôi dưỡng và phát huy khả năng của riêng mình. Tập thể giáo viên luôn tích cực tìm kiếm những phương pháp giảng dạy mới và phù hợp với học sinh nhằm tạo ra môi trường học tập hiệu quả, năng động. Bên cạnh việc học kiến thức, học sinh Văn Lang còn được rèn giũa những kĩ năng sống cần thiết để trở thành những con người hoàn thiện và tự chủ. Chính vì vậy mà các hoạt động ngoại khóa, các câu lạc bộ kĩ sư, sự kiện, robotech, góc đọc sách,… được nhà trường đặc biệt quan tâm và tổ chức thường xuyên trong năm học.","12 Thuận Kiều, P.12, Quận 5, TP. HCM",150 - 300 người
Công Ty Cổ Phần Di Chuyển Xanh Và Thông Minh Gsm,"Ngày 6 tháng 3 năm 2023, Chủ tịch Tập đoàn Vingroup Phạm Nhật Vượng đã công bố thành lập Công ty Cổ phần Di chuyển Xanh và Thông minh (Green and Smart Mobility – GSM), là đơn vị cho thuê phương tiện giao thông xanh và đặt xe điện đa nền tảng đầu tiên trên thế giới. GSM hoạt động chủ yếu trên 2 lĩnh vực: dịch vụ đặt xe điện và cho thuê ô tô – xe máy điện với quy mô đầu tư 10.000 ô tô và 100.000 xe máy. Cụ thể, GSM cung cấp dịch vụ di chuyển bằng ô tô điện và xe máy điện. Đồng thời, GSM cũng cho các hãng vận tải thuê ô tô – xe máy điện để đáp ứng nhu cầu di chuyển bằng phương tiện giao thông xanh của hành khách. GSM đặt mục tiêu phổ cập thói quen sử dụng xe điện tới từng người dân, qua đó nâng cao nhận thức cộng đồng về sự thuận tiện, thông minh và bền vững của các dòng xe xanh. Thông qua các hình thức đa dạng, GSM sẽ góp phần đưa xe điện VinFast tiếp cận sâu rộng và linh hoạt nhất tới mọi tầng lớp khách hàng, từng bước kiến tạo thói quen sử dụng phương tiện xanh, thông minh và thân thiện với môi trường trong đời sống hàng ngày.","Tòa Văn phòng Symphony, đường Chu Huy Mân, khu đô thị Vinhomes Riverside, Phường Phúc Lợi, Quận Long Biên, Thành phố Hà Nội, Việt Nam",Trên 300 người
Công Ty Cổ Phần Hóa Chất Đại Thịnh,Công Ty Cổ Phần Hóa Chất Đại Thịnh chuyên cung cấp keo nhu uy tin và chất lượng nhất,KCN Thụy Vân - Xã Thụy vân - Thành phố Việt Trì - Tỉnh Phú Thọ,10 - 150 người
Công Ty Cổ Phần Xuất Nhập Khẩu Ivinci Group,"VỀ IVINCI GROUP GIỚI THIỆU IVINCI GROUP, với 8 năm kinh nghiệm trong lĩnh vực xúc tiến thương mại, ủy thác xuất nhập khẩu, vận chuyển quốc tế Trung – Việt qua đường bộ, đường thủy và hàng không. Chúng tôi tự hào là 1 đơn vị logistics đầu ngành đã tạo nên câu chuyện thành công của hơn 2000 bạn hàng đang tin tưởng sử dụng dịch vụ. Với hệ thống kho bãi rộng lớn chuyên nghiệp tại tất cả các khu vực cửa khẩu Đông Hưng, Bằng Tường và trung tâm Quảng Châu, chúng tôi tạo nên những giải pháp trọn gói ưu việt. Quý đối tác hoàn toàn yên tâm về mặt pháp lý, hóa đơn chứng từ, an toàn trong khâu vận chuyển, chính sách bảo hành, đền bù rõ ràng được thể hiện trên hợp đồng. Toàn bộ dịch vụ sẽ được cung cấp với chi phí thấp nhất. Tạo ra sức mạnh cạnh tranh toàn diện cho đối tác. Đối tượng khách hàng phù hợp sử dụng dịch vụ IVINCI: Nhập hàng Trung Quốc và kinh doanh phân phối sỉ Nhập hàng Trung Quốc và kinh doanh trên sàn TMĐT nội địa Nhập hàng Trung Quốc và đưa hàng vào các dự án Nhập hàng Trung Quốc và có các tùy chỉnh về thương hiệu, sản phẩm, OEM… Các dịch vụ IVINCI khai thác để phục vụ khách hàng Các dịch vụ về vận chuyển (Logistics): Chính ngạch ghép Cont Quảng Châu – Hà Nội – Các Tỉnh phía Bắc Chính ngạch ghép Cont Quảng Châu – Cát Lái – Các Tỉnh phía Nam Chính ngạch đường bộ Bằng Tường – Hữu Nghị – Hà Nội Vận chuyển đường bộ Đông Hưng – Hà Nội Dịch vụ uỷ thác thanh toán Dịch vụ cấp tài khoản đặt hàng từ các nền tảng Alibaba SỨ MỆNH TẦM NHÌN SỨ MỆNH Thông qua các giải pháp Logistics và đặt hàng quốc tế của IVINCI, chúng tôi mong muốn kết nối doanh nghiệp Việt Nam với nguồn hàng tận gốc của thế giới TẦM NHÌN Trở thành 1 đơn vị Top ngành trong lĩnh vực Logistics chuyên tuyến Trung Quốc – Việt Nam GIÁ TRỊ CỐT LÕI Công Bằng – Chính Trực – Hiệu Quả – Tối Ưu III. CÁCH THỨC HOẠT ĐỘNG CỦA IVINCI IVINCI khai thác, thẩm định uy tín và chất lượng của các đơn vị cung cấp dịch vụ, đánh giá và chọn lọc thế mạnh của từng đơn vị, đàm phán mức giá tối ưu và mời họ tham gia vào hệ thống cung ứng. IVINCI xây dựng và phát triển các gói dịch vụ logistics theo nhu cầu của thị trường dưới hình thức trọn gói toàn trình hoặc từng chặng. Các cá nhân đơn vị kinh doanh sỉ lẻ (khách hàng) sử dụng dịch vụ IVINCI tự do lựa chọn để sử dụng riêng biệt hoặc trọn gói các dịch vụ logistics và đặt hàng quốc tế phù hợp với nhu cầu. Website: https://ivinciexpress.vn/gioi-thieu/","Toà nhà Phú Thái, Tầng 5 số 19/192 Thái Thịnh, Phường Láng Hạ, Quận Đống Đa, Thành phố Hà Nội, Việt Nam",10 - 150 người
Công ty TNHH Toyota Thanh Xuân,"Được thành lập bởi hai đối tác: Công ty Cổ phần Quản lý Đầu tư và Phát triển (IDMC) và Công ty Toyota Tsusho Cooperation (TTC) - Nhật Bản. Công ty TNHH Toyota Thanh Xuân là Đại lý chính thức của Công ty Ôtô Toyota Việt Nam trong lĩnh vực: *  Bán xe ôtô TOYOTA; *  Dịch vụ sửa chữa, bảo dưỡng, bảo hành xe TOYOTA; *  Dịch vụ cung cấp phụ tùng chính hãng TOYOTA. Công ty TNHH Toyota Thanh Xuân được UBND Thành phố Hà Nội cấp giấy phép Đầu tư ngày 11 tháng 5 năm 2011, sau mộ năm triển khai việc xây dựng và hoàn thiện cở sở hạ tầng ngày 10 / 12 / 2012 đã chính thức đi vào hoạt động. Là thành viên trẻ trong gia đình Toyota Việt Nam, tuy nhiên Toyota Thanh Xuân có thể khẳng định và tự hào đã xây dựng và hoàn thiện được đội ngũ nhân viên, kỹ thuật viên có kiến thức,có trình độ, đầy nhiệt huyết và lòng nhiệt tình. Với phương châm hoạt động “Con người chính là nguồn lực quan trọng và quý giá nhất” Toyota Thanh Xuân sẽ không ngừng đầu tư và phát triển “Nguồn lực Con người” với hy vọng đó sẽ là nguồn lực mạnh mẽ và tiên quyết để xây dựng Công ty ngày từng bước hoàn thiện và phát triển lớn mạnh. Cùng với định hướng của Ban lãnh đạo Công ty: ·   Xây dựng và phát triển Công ty theo định hướng bền vững. ·   Phát triển đội ngũ nhân viên chuyên nghiệp, năng động, sáng tạo, uy tín và luôn tự hoàn thiện. Các thành viên trong Công ty được làm việc, sáng tạo và cống hiến hết mình. ·   Cung cấp các sản phẩm và dịch vụ tốt nhất cho khách hàng trong khả năng đáp ứng của Công ty. Công ty TNHH Toyota Thanh Xuân KHẲNG ĐỊNH sẽ mang lại cho Quí khách hàng chất lượng dịch vụ tốt nhất với mục đích đạt sự hài lòng cao nhất của Khách hàng về các dịch vụ 3S đạt tiêu chuẩn TOYOTA. Tất cả tạo thành một hệ thống đồng bộ đảm bảo khách hàng có thể hoàn toàn đặt lòng tin và yên tâm khi sử dụng dịch vụ tại TOYOTA THANH XUÂN. Toyota Thanh Xuân CAM KẾT sẽ liên tục cải tiến chất lượng dịch vụ để trở thành một trong những ĐẠI LÝ HÀNG ĐẦU của TOYOTA  tại Việt Nam.","Số 315, đường Trường Chinh, phường Khương Mai, quận Thanh Xuân, Thành phố Hà Nội",150 - 300 người
Công Ty TNHH Dịch Vụ Y Tế Sccare,"Phòng khám SCCARE được thành lập 2015, trải qua 6 năm xây dựng và phát triển, bằng những nỗ lực không ngừng nghỉ, SCCARE đã tạo dựng được uy tín trở thành thương hiệu quen thuộc và là địa chỉ khám, chữa trị cơ xương khớp đáng tin cậy của hàng triệu bệnh nhân.","Số 3 ngõ 3, tổ 75 Hoàng Cầu, Phường ô Chợ Dừa, Quận Đống đa, Hà Nội",10 - 150 người
Công Ty TNHH Đầu Tư Xây Dựng Quân Đạt,"QDC design&build là đơn vị tổng thầu thiết kế và thi công hoàn thiện công trình. Công ty đang trên đà tăng trưởng lớn mạnh, nên chúng tôi rất chào đón các ứng viên chất lượng để bổ sung vào đội ngũ nhân sự trẻ trung, năng động, đầy nhiệt huyết của công ty. Để biết thêm về công ty, xem tại website http:// www.fnb.qdc.vn","Số 7 đường số 12, KDC Cityland, Phường 10, Quận Gò Vấp, TP HCM",150 - 300 người
Công Ty Cổ Phần XVN,"Xpel - Thương hiệu dẫn đầu toàn cầu trong ngành công nghiệp phim bảo vệ. Với công nghệ Nano Ceramic tiên tiến và công nghệ màng tự phục hồi độc quyền đầu tiên trên Thế giới, bộ 3 sản phẩm của Xpel bao gồm: Phim cách nhiệt, Phim bảo vệ sơn (PPF), Phủ Ceramic sở hữu khả năng BẢO VỆ mạnh mẽ cùng ĐỘ BỀN vượt trội, giúp bảo vệ sức khỏe người dùng và giữ xe luôn như mới. • Automotive Window Tint (Phim cách nhiệt ô tô) • Paint ProtectionProtection Film (Phim bảo vệ sơn PPF) • Ceramic Coating (Phủ Ceramic) • Home & Office Window Film (Phim cửa kính văn phòng & nhà ở)","Số 10, Lô A14/D21, Ngõ 11 Duy Tân, Dịch Vọng Hậu, Cầu Giấy",10 - 150 người
